Ai Yêu Sự Sống Mình;13
Ánh Mắt Thiên Chúa;48
Ave Maria;115
Ave Maria;117
Ave Maria;120
Biết Chúa;49
Ca Tụng Chúa;32
Các Thánh;113
Cần Biết Đánh Liều;41
Cần Chúa Thánh Thần;85
Cầu Nguyện Cho Nhau;20
Cầu Nguyện với Chúa;18
Cha Chúng Con;37
Cha Trang Điểm Lời Ngài;38
Chỉ Có Thần Khí;92
Chỉ Người Nào Yêu;24
Chiến Đấu Vì Chúa;16
Cho Chúng Con Nên Một;104
Chờ Đợi Vững Vàng;44
Chúa Chờ Đợi Ta;34
Chúa Đến Nhà Mình;77
Chúa Đi Bước Trước;6
Chúa Giêsu Là Đường;30
Chúa Yêu Tội Nhân;66
Có Cơn Khát Nào;65
Của Lễ Cao Trọng;45
Đấng Duy Nhất;10
Đáp Lại Ân Sủng;91
Đáp Trả Tình Yêu;12
Đề Phòng Chính Mình;21
Đêm Giáng Sinh;79
Đợi Chờ Chúa Đến;75
Đối Tượng Duy Nhất;124
Đức Kitô Đã Sống Lại;31
Gợi Lên Lời Ngợi Ca;90
Hãy Cầu Nguyện;35
Hãy Đến Với Chúa;69
Hãy Hoàn Thiện Thêm;95
Hãy Nhận Bánh Này;61
Hãy Ra Khơi;89
Hãy Sẵn Sàng;76
Hiệp Thông Trong Thánh Thần;84
Hòa Nhịp Trái Tim Chúa;63
Hoạt Động Và Chiêm Niệm;11
Hội Thánh Trong Thế Giới;93
Hướng Về Chúa Mọi Lúc;29
Khao Khát Chúa;2
Khao Khát Tình Yêu;3
Khi Chúa Đến;4
Khi Ta Muốn;28
Kìa Bà Nào;121
Kính Chào Đức Mẹ Tàpao;127
Làm Chứng Cho Chúa;103
Làm Sao Hát;105
Lạy Các Thánh;114
Lạy Chúa Thánh Thần;88
Lạy Đấng Khôn Ngoan;9
Linh Hồn Hội Thánh;96
Loan Báo Tin Mừng;94
Lòng Quảng Đại Của Chúa;67
Lòng Thương Xót Của Chúa;64
Mẹ Gần Gũi Ta;106
Mối Dây Hiệp Nhất;71
Mời Gọi Nên Thánh;7
Mọi Người Là Anh Em;39
Mọi Vật Ở Trong Chúa;68
Mong Cả Địa Cầu;27
Muốn Gặp Chúa;5
Năm Mới Hé Mở;80
Nên Một Với Nhau;70
Nếu Không Thần Khí;86
Ngôi Lời Mặc Xác Phàm;78
Người Bảo sao, Cứ Làm Vậy;108
Nhân Chứng Sống Lại;83
Ơn Cứu Độ Bởi Chúa;43
Phó Thác Cho Chúa;36
Phục Sinh - Lễ Hội;82
Phục Vụ Trong Đức Ái;50
Sẵn Sàng Lên Đường;99
Sống Chết Vì Đức Tin;97
Sống Niềm Vui;40
Sống Theo Thánh Thể;59
Suối Nước Trường Sinh;62
Tấm Bánh Chia Sẻ;58
Thánh Giuse;112
Thánh Thể Hiện Diện;57
Thầy Là Ai;22
Thiên Chúa Cúi Nhìn;33
Tiến Dâng Thân Mình;17
Tiếng Chúa;14
Tin Chúa Thánh Thần;87
Tỉnh Thức Nghe Tiếng Chúa;15
Tình Yêu Chúa Lôi Cuốn;72
Tôn Vinh Chúa Giêsu;73
Trong Chén Thánh;60
Trung Tín Với Chúa;25
Từ Bỏ Chính Mình;47
Về Nơi Bản Thân;19
Vì Được Thanh Tẩy;100
Vì Mùa Chay;81
Vì Tình Yêu;74
Xin Biết Lắng Nghe;46
Xin Cảm Tạ;1
Xin Cho Con Thấy;42
Xin Cho Lòng Tin;23
Xin Được Hiệp Nhất;101
Xin Gương Mặt Của Mẹ;107
Xin Hướng Dẫn Con;26
Xin Mẹ Ơn Thinh Lặng;110
Xin Mẹ Trả Lời;111
Xin Theo Thầy;54
Yêu Là Lựa Chọn;8
Yêu Mến Hội Thánh;98
